freq,input voltage,output voltage,gain
100,1.58,1.58,1
200,1.58,1.52,0.962025316
300,1.58,1.36,0.860759494
400,1.58,1.14,0.721518987
500,1.58,0.9,0.569620253
700,1.58,0.6,0.379746835
1000,1.58,0.38,0.240506329
1500,1.58,0.22,0.139240506
2000,1.58,0.18,0.113924051
